Fold,Accuracy
1,0.8887262079062958
2,0.8784773060029283
3,0.8784773060029283
4,0.8931185944363104
5,0.87701317715959
Mean,0.8831625183016104
Std,0.0065083779709788625
