Model,Accuracy,Precision,Recall,F1 Score,ROC-AUC
Support Vector Machine,0.8981264637002342,0.8908450704225352,0.9529190207156308,0.9208371246587808,0.9531813914980206
