Fold,Accuracy
1,0.8711566617862372
2,0.8477306002928258
3,0.8477306002928258
4,0.8550512445095169
5,0.8565153733528551
Mean,0.8556368960468521
Std,0.008567343389943072
