Fold,Accuracy
1,0.9341142020497804
2,0.9326500732064422
3,0.9019033674963397
4,0.9194729136163983
5,0.9106881405563689
Mean,0.9197657393850658
Std,0.012437341482632681
