Metric,Before,After
Accuracy,1.0,0.6264637002341921
Precision,1.0,0.625
Recall,1.0,0.9981167608286252
F1 Score,1.0,0.7686729514140682
ROC-AUC,1.0,0.5915295050520952
