Model,Accuracy,Precision,Recall,F1 Score,ROC-AUC
Random Forest,0.9250585480093677,0.892436974789916,1.0,0.9431616341030196,0.952965664410278
