Fold,Accuracy
1,0.9458272327964861
2,0.9502196193265008
3,0.9370424597364568
4,0.95900439238653
5,0.9326500732064422
Mean,0.9449487554904833
Std,0.009379570938826907
