Model,Accuracy,Precision,Recall,F1 Score,ROC-AUC
Support Vector Machine,0.9484777517564403,0.9655831739961759,0.9510357815442562,0.9582542694497154,0.9930005305720266
