Fold,Accuracy
1,0.9238653001464129
2,0.9019033674963397
3,0.9194729136163983
4,0.9253294289897511
5,0.9165446559297218
Mean,0.9174231332357248
Std,0.008364777075892062
