Fold,Accuracy
1,0.9985358711566618
2,1.0
3,0.9956076134699854
4,1.0
5,1.0
Mean,0.9988286969253295
Std,0.0017074529706721136
