Model,Accuracy,Precision,Recall,F1 Score,ROC-AUC
Logistic Regression,0.9250585480093677,0.973630831643002,0.903954802259887,0.9375,0.9740777666999003
