Model,Accuracy,Precision,Recall,F1 Score,ROC-AUC
Logistic Regression,0.8676814988290398,0.8913857677902621,0.896421845574388,0.8938967136150234,0.9480680764723373
